bus,timepoint,active_load_shedding_MW,reactive_load_shedding_MVAR
lima,t_1,-9.974940963069624e-9,-9.974940964295529e-9
santiago,t_1,-9.97494096281436e-9,-9.974940965925015e-9
