generator,scenario,timepoint,dispatch_MW
1,sc1,1,40.000000005455256
2,sc1,1,170.0000000054554
3,sc1,1,323.4948462752227
4,sc1,1,0.0
5,sc1,1,466.5051537138663
