generator,scenario,timepoint,dispatch_MW
1,sc1,1,40.00000000366119
2,sc1,1,170.00000000377042
3,sc1,1,323.49484627012674
4,sc1,1,0.0
5,sc1,1,466.5051537224416
