generator,scenario,timepoint,dispatch_MW
1,sc1,1,39.99999999999901
2,sc1,1,170.00000000000188
3,sc1,1,323.49484626904876
4,sc1,1,0.0
5,sc1,1,466.50515373095027
