name,from_bus,to_bus,scenario,timepoint,from_bus_angle_deg,to_bus_angle_deg,DCflow_MW,losses_MW
1,1,2,sc1,1,0.0,-4.060673079637762,249.71676504272875,175.22728030896917
4,2,3,sc1,1,-4.060673079637762,-3.7464117296448167,-50.283234957271226,2.7306760151895944
2,1,4,sc1,1,0.0,-3.285999291955828,186.78838868822174,106.06530253217632
5,3,4,sc1,1,-3.7464117296448167,-3.285999291955828,-26.788388688222472,2.1313247724785187
3,1,5,sc1,1,0.0,0.8388843033736165,-226.50515373094964,32.83493418667593
6,4,5,sc1,1,-3.285999291955828,0.8388843033736165,-240.00000000000063,171.07200000000088
