name,from_bus,to_bus,scenario,timepoint,from_bus_angle_deg,to_bus_angle_deg,DCflow_MW,losses_MW
1,1,2,sc1,1,0.0,-4.060673079633001,249.716765042436,175.2272803085583
4,2,3,sc1,1,-4.060673079633001,-3.7464117296382278,-50.28323495756385,2.730676015221377
2,1,4,sc1,1,0.0,-3.285999291962734,186.78838868861433,106.06530253262217
5,3,4,sc1,1,-3.7464117296382278,-3.285999291962734,-26.788388687437237,2.1313247723535693
3,1,5,sc1,1,0.0,0.8388843033464662,-226.50515372361883,32.83493418455053
6,4,5,sc1,1,-3.285999291962734,0.8388843033464662,-239.9999999988228,171.0719999983218
