name,from_bus,to_bus,scenario,timepoint,from_bus_angle_deg,to_bus_angle_deg,DCflow_MW,losses_MW
1,1,2,sc1,1,0.0,-4.060673079592805,249.71676503996406,175.22728030508918
4,2,3,sc1,1,-4.060673079592805,-3.7464117295825816,-50.28323496003584,2.7306760154898644
2,1,4,sc1,1,0.0,-3.2859992919521908,186.78838868801503,106.06530253194154
5,3,4,sc1,1,-3.7464117295825816,-3.2859992919521908,-26.788388684812986,2.131324771935991
3,1,5,sc1,1,0.0,0.8388843033222062,-226.50515371706848,32.83493418265141
6,4,5,sc1,1,-3.2859992919521908,0.8388843033222062,-239.9999999967978,171.07199999543496
