bus,scenario,timepoint,generator_dispatch_MW,storage_dispatch_MW,load_shedding_MW,load_MW,net_line_leaving_flow_MW
1,sc1,1,210.00000001091067,0.0,0.0,0.0,210.0000000109106
2,sc1,1,0.0,0.0,0.0,300.0,-299.9999999999999
3,sc1,1,323.4948462752227,0.0,0.0,300.0,23.49484627522285
4,sc1,1,0.0,0.0,0.0,400.0,-399.9999999999999
5,sc1,1,466.5051537138663,0.0,0.0,0.0,466.50515371386626
