bus,scenario,timepoint,generator_dispatch_MW,storage_dispatch_MW,load_shedding_MW,load_MW,net_line_leaving_flow_MW
1,sc1,1,210.00000000743162,0.0,0,0.0,210.00000000743154
2,sc1,1,0.0,0.0,0,300.0,-299.99999999999983
3,sc1,1,323.49484627012674,0.0,0,300.0,23.4948462701266
4,sc1,1,0.0,0.0,0,400.0,-399.9999999999999
5,sc1,1,466.5051537224416,0.0,0,0.0,466.5051537224416
