bus,timepoint,generator_dispatch_MW,load_shedding_MW,load_MW,net_line_leaving_flow_MW
richmond,t_1,4.7514699405866345,-9.974940914837126e-9,0.0,4.751469930359797
sf,t_1,3.127437053550667,-9.974940919980115e-9,0.0,3.127437044238519
berkeley,t_1,3.043670504078444,-9.974940924528566e-9,0.0,3.043670494838806
oakland,t_1,3.123455414314495,-9.974940924200669e-9,0.0,3.1234554050175105
san_jose,t_1,0.0,-9.974940922702062e-9,0.0,-9.713754677162572e-9
