id,bus,timepoint,voltage_magnitude_pu,voltage_angle_deg
0,richmond,t_1,1.0,0.0
1,sf,t_1,1.000789675342204,-0.12441760415752896
2,berkeley,t_1,1.001921322124367,-0.17472086677028928
3,oakland,t_1,1.0020017381115616,-0.1790302291550807
4,san_jose,t_1,1.0022603897626425,-0.2649978336163617
