line,from_bus,to_bus,existing_capacity_MW,active_power_from_bus_MW,reactive_power_from_bus_MVAR,active_power_to_bus_MW,reactive_power_to_bus_MVAR,active_power_loss_MW,reactive_power_loss_MVAR
1-2,richmond,sf,inf,-168.8757837080118,-134.15638908985682,180.43983821991324,159.8630592546439,11.564054511901446,25.706670164787084
1-3,richmond,berkeley,inf,-27.601599301269797,6.899798608720875,37.12639303301147,-7.2678260137156006,9.52479373174167,-0.3680274049947254
2-3,sf,berkeley,inf,-29.934126432132675,-38.23171742215971,33.788162383896356,40.198113763222665,3.854035951763681,1.9663963410629535
2-4,sf,oakland,inf,-45.322448318751015,-44.61712042000834,49.98841031293393,47.74916253418411,4.665961994182915,3.1320421141757677
2-5,sf,san_jose,inf,-20.349282780686313,-24.66462820354629,23.242489251738167,23.07412870073532,2.8932064710518546,-1.590499502810971
3-4,berkeley,oakland,inf,-0.35001821178743725,17.569976505114408,3.325964166218129,-20.44699844548574,2.9759459544306917,-2.877021940371332
4-5,oakland,san_jose,inf,26.685625510738284,22.23856141541128,-23.242489261670112,-23.074128710711722,3.4431362490681714,-0.8355672953004429
