bus,timepoint,active_load_shedding_MW,reactive_load_shedding_MVAR
richmond,t_1,-9.974940891534714e-9,-9.974940964027145e-9
sf,t_1,-9.97494089637793e-9,-9.974940965861081e-9
berkeley,t_1,-9.974940899489713e-9,-9.974940966335714e-9
oakland,t_1,-9.974940899250612e-9,-9.974940966150803e-9
san_jose,t_1,-9.974940897254843e-9,-9.974940965836398e-9
