name,from_bus,to_bus,scenario,timepoint,from_bus_angle_deg,to_bus_angle_deg,DCflow_MW,losses_MW
1,1,2,sc1,1,0.0,-1.8970081800561522,116.65916873699054,38.24230623763982
4,2,3,sc1,1,-1.8970081800561522,-2.6261074094015777,116.65916873699064,14.698110582438106
2,1,4,sc1,1,0.0,-2.7405586422421733,155.78351892623525,73.77625449788371
5,3,4,sc1,1,-2.6261074094015777,-2.7405586422421733,6.659168736990527,0.13170324895510466
3,1,5,sc1,1,0.0,1.3423424436266214,-362.44268766322574,84.07340917794727
6,4,5,sc1,1,-2.7405586422421733,1.3423424436266214,-237.55731233677426,167.607425634675
