from_bus,to_bus,calculated_capacity_MW
1,3,83.3333333333333
1,4,200.0
1,5,100.0
3,4,99.99999999999999
4,5,175.0
