from_bus,to_bus,calculated_capacity_MW
1,3,100.0
1,4,200.0
1,5,133.33333333333334
3,4,100.0
3,5,100.00000000000001
4,5,200.0
