from_bus,to_bus,calculated_capacity_MW
1,3,127.78931360540889
1,4,199.99999999999997
1,5,100.0
3,4,100.0
4,5,200.00000000000003
