Index,1,3,4,5
1,213.73870594307076,25.58447991418625,32.73148652006543,155.4745609703108
3,25.584479914186257,59.04384792061744,33.50293569730603,0.0
4,32.73148652006543,33.50293569730603,99.7173974886193,33.50293569730603
5,155.4745609703108,0.0,33.50293569730603,188.93968529222374
