Index,1,3,4,5
1,-212.67749662565987,25.45755993493812,32.56904637832204,154.7029702970297
3,25.45755993493813,-58.750441789776744,33.33666700003334,0.0
4,32.56904637832204,33.33666700003334,-99.22232037838872,33.33666700003334
5,154.7029702970297,0.0,33.33666700003334,-188.00163729706304
