Index,1,3,4,5
1,21.27244337778109,-2.5452415677952636,-3.2569046378322044,-15.470297029702971
3,-2.545241567795264,5.878908638434083,-3.3336667000033335,0.0
4,-3.2569046378322044,-3.3336667000033335,9.924238037838872,-3.3336667000033335
5,-15.470297029702971,0.0,-3.3336667000033335,18.803963729706304
