Index,1,3,4,5
1,266.6666666666667,33.333333333333336,100.0,133.33333333333334
3,33.333333333333336,166.66666666666666,100.0,33.333333333333336
4,100.0,100.0,300.0,100.0
5,133.33333333333334,33.333333333333336,100.0,266.6666666666667
