name,component,type,init
i_bus_D,infinite_sources_0,"",0.05000842627243225
i_bus_Q,infinite_sources_0,"",0.07026642595242817
i_bus_D,gfmi_c_0,"",0.05008424440222367
i_bus_Q,gfmi_c_0,"",0.06318488366565195
v_bus_D,pa_rc_0,"",1.0
v_bus_Q,pa_rc_0,"",0.0
v_bus_D,pa_rc_1,"",1.0017997952644437
v_bus_Q,pa_rc_1,"",-0.000040210676785013255
i_br_D,se_rl_0,"",8.426172523267696e-6
i_br_Q,se_rl_0,"",0.0035997590523379405
