bus,timepoint,generator_dispatch_MW,load_shedding_MW,load_MW,net_line_leaving_flow_MW
bus_1,hour_0,10.00000009997494,87.36190587791393,100.0,-2.638094022111124
bus_2,hour_0,10.000000099972874,-9.67085941871446e-9,0.0,10.000000090302015
bus_3,hour_0,10.00000009997494,34.499235295485406,50.0,-5.500764604539661
bus_4,hour_0,0.0,11.047886610797027,0.0,11.047886610797047
bus_5,hour_0,10.000000099974537,-8.419359975037093e-9,0.0,10.000000091555162
bus_6,hour_0,0.0,-2.431407542712483e-9,0.0,-2.4314126490054472e-9
bus_7,hour_0,0.0,75.91527324886302,75.0,0.9152732488630387
bus_8,hour_0,0.0,-7.592453997296966e-9,0.0,-7.592469489647248e-9
bus_9,hour_0,0.0,-9.442901757503749e-9,0.0,-9.442901757503759e-9
