id,bus,timepoint,voltage_magnitude_pu,voltage_angle_deg
0,bus_1,hour_0,1.0200000101998705,0.0
1,bus_2,hour_0,1.020000010199871,2.0434121216549386
2,bus_3,hour_0,1.0200000101992701,-3.2876631387710544
3,bus_4,hour_0,0.9799999900000322,1.101706115304612
4,bus_5,hour_0,1.02000001019989,0.8732107992402469
5,bus_6,hour_0,1.0194104735860257,-1.4832319029805372
6,bus_7,hour_0,1.0046309988509998,-1.1537929569114633
7,bus_8,hour_0,0.9799999900000377,-0.47831071490916843
8,bus_9,hour_0,3.507392010511943e-11,-41.93644839510536
