line,from_bus,to_bus,existing_capacity_MW,active_power_from_bus_MW,reactive_power_from_bus_MVAR,active_power_to_bus_MW,reactive_power_to_bus_MVAR,active_power_loss_MW,reactive_power_loss_MVAR
1_tx_4,bus_1,bus_4,inf,-2.6380940221111477,7.230131267648713,4.646769167934335,-8.837174038087175,2.008675145823187,-1.6070427704384622
4_tx_5,bus_4,bus_5,inf,1.60065356183139,-8.811619158589531,0.4066074523396797,7.13386980554324,2.00726101417107,-1.6777493530462912
5_tx_6,bus_5,bus_6,inf,9.593392639215464,-0.9153386608272197,-7.506762097983124,-0.8126187352535056,2.0866305412323403,-1.7279573960807253
3_tx_5,bus_3,bus_6,inf,-5.5007646045396825,-0.6861898629306858,7.584486935180861,-1.1871780626436532,2.0837223306411783,-1.873367925574339
6_tx_7,bus_6,bus_7,inf,-0.07772483962916975,1.9997967879275969,2.127214756437334,-3.997839980490787,2.0494899168081644,-1.9980431925631903
7_tx_8,bus_7,bus_8,inf,-1.21194150757434,3.9978399705492316,3.1845978454671036,-5.818877712785092,1.9726563378927635,-1.8210377422358603
8_tx_2,bus_8,bus_2,inf,-7.985061733948128,-8.427894524676377,10.000000090301997,7.1340122807716595,2.014938356353869,-1.2938822439047177
8_tx_9,bus_8,bus_9,inf,4.800463880888546,191.04279481645295,-4.652589967237737e-9,-5.058962314311016e-9,4.8004638762359555,191.042794811394
9_tx_4,bus_9,bus_4,inf,-4.790311790266025e-9,-4.92875299167651e-9,4.80046388103131,191.04279481657542,4.800463876240998,191.04279481164667
