bus,timepoint,active_load_shedding_MW,reactive_load_shedding_MVAR
bus_1,hour_0,87.36190587791393,-9.97494096440301e-9
bus_2,hour_0,-9.67085941871446e-9,-9.974940964403018e-9
bus_3,hour_0,34.499235295485406,-9.974940964403208e-9
bus_4,hour_0,11.047886610797027,173.39400161989875
bus_5,hour_0,-8.419359975037093e-9,-9.974940964403072e-9
bus_6,hour_0,-2.431407542712483e-9,-9.969497757284054e-9
bus_7,hour_0,75.91527324886302,-9.941598433450287e-9
bus_8,hour_0,-7.592453997296966e-9,176.79602257899157
bus_9,hour_0,-9.442901757503749e-9,-9.987715305987595e-9
