bus,timepoint,generator_dispatch_MVAR,load_shedding_MVAR,load_MVAR,net_line_leaving_flow_MVAR
bus_1,hour_0,7.230131277623653,-9.97494096440301e-9,0.0,7.230131267648713
bus_2,hour_0,7.134012290746565,-9.974940964403018e-9,0.0,7.134012280771637
bus_3,hour_0,-0.6861898529557644,-9.974940964403208e-9,0.0,-0.6861898629306858
bus_4,hour_0,0.0,173.39400161989875,0.0,173.39400161989875
bus_5,hour_0,6.21853115469094,-9.974940964403072e-9,0.0,6.218531144715998
bus_6,hour_0,0.0,-9.969497757284054e-9,0.0,-9.969561820227327e-9
bus_7,hour_0,0.0,-9.941598433450287e-9,0.0,-9.941533481792788e-9
bus_8,hour_0,0.0,176.79602257899157,0.0,176.79602257899157
bus_9,hour_0,0.0,-9.987715305987595e-9,0.0,-9.987715305987524e-9
