generator,timepoint,Dispatch_MW
g2,1,99.99999999999999
g2,2,50.0
g2,3,19.999999999999993
