bus,scenario,timepoint,load_shedding_MW
1,sc1,tp_1,0.0
1,sc1,tp_2,0.0
1,sc1,tp_3,0.0
2,sc1,tp_1,269.9999998914839
2,sc1,tp_2,70.00000000226325
2,sc1,tp_3,269.9999999072043
3,sc1,tp_1,0.0
3,sc1,tp_2,0.0
3,sc1,tp_3,0.0
4,sc1,tp_1,0.0
4,sc1,tp_2,44.13559499666499
4,sc1,tp_3,144.13559507419328
5,sc1,tp_1,0.0
5,sc1,tp_2,0.0
5,sc1,tp_3,0.0
