name,from_bus,to_bus,scenario,timepoint,from_bus_angle_deg,to_bus_angle_deg,DCflow_MW,losses_MW
1,center,north,sc1,1,1.60092703021851,0.0,98.45124471120732,27.23633971437274
4,north,south,sc1,1,0.0,1.2596441732572838,-201.5487552887927,43.87165281913858
2,center,south,sc1,1,1.60092703021851,1.2596441732572838,19.39978352848569,1.1441088668943982
3,center,south,sc1,1,1.60092703021851,1.2596441732572838,92.14897176030702,5.434517117748391
