name,from_bus,to_bus,scenario,timepoint,from_bus_angle_deg,to_bus_angle_deg,DCflow_MW,losses_MW
4,north,south,sc1,1,-1.2596441732572834,0.0,-201.54875528879265,43.871652819138546
2,center,south,sc1,1,0.3412828569612275,0.0,19.399783528485763,1.1441088668944068
3,center,south,sc1,1,0.3412828569612275,0.0,92.14897176030739,5.434517117748435
1,center,north,sc1,1,0.3412828569612275,-1.2596441732572834,98.4512447112074,27.236339714372775
