bus,timepoint,generator_dispatch_MW,load_shedding_MW,load_MW,net_line_leaving_flow_MW
bus_1,hour_0,4.228389695048563,-9.974940941825873e-9,0.0,4.228389685081785
bus_2,hour_0,4.188586687129259,-9.974940942623748e-9,0.0,4.188586677155969
bus_3,hour_0,4.21943315263261,-9.974940942956298e-9,0.0,4.219433142658895
bus_4,hour_0,0.0,-9.974940941418135e-9,0.0,-9.977683001416213e-9
bus_5,hour_0,0.0,-9.97494094131847e-9,0.0,-9.976763043489364e-9
bus_6,hour_0,0.0,-9.9749409413167e-9,0.0,-9.976463872196637e-9
bus_7,hour_0,0.0,-9.97494094215432e-9,0.0,-9.976248066689509e-9
bus_8,hour_0,0.0,-9.974940942153668e-9,0.0,-9.974589428250001e-9
bus_9,hour_0,0.0,-9.974940942531676e-9,0.0,-9.975775526523562e-9
