line,from_bus,to_bus,existing_capacity_MW,active_power_from_bus_MW,reactive_power_from_bus_MVAR,active_power_to_bus_MW,reactive_power_to_bus_MVAR,active_power_loss_MW,reactive_power_loss_MVAR
4-Jan,bus_1,bus_4,inf,4.228389685081741,-4.3729828152355195,-4.024907952992596,4.193423867971618,0.20348173208914488,-0.1795589472639012
7-Feb,bus_2,bus_7,inf,4.188586677155836,-4.167462893317166,-3.9854650625011656,3.9885370439889964,0.2031216146546706,-0.17892584932816913
9-Mar,bus_3,bus_9,inf,4.219433142658983,-4.01067617055261,-4.0164266550091705,3.829872942006269,0.20300648764981233,-0.18080322854634145
5-Apr,bus_4,bus_5,inf,2.090569445796343,-2.1747800985248524,-0.08539730877551005,0.1716023585679425,2.005172137020833,-2.00317773995691
6-Apr,bus_4,bus_6,inf,1.9343384972186362,-2.0186437794212924,0.07107790546084876,0.015298768392578386,2.0054164026794847,-2.003345011028714
7-May,bus_5,bus_7,inf,0.08539729879848014,-0.17160236854176997,1.9193010482033384,-1.8301451616150495,2.0046983470018187,-2.0017475301568193
9-Jun,bus_6,bus_9,inf,-0.07107791543731264,-0.01529877836710726,2.075965445939405,-1.985069995499567,2.0048875305020926,-2.000368773866674
8-Jul,bus_7,bus_8,inf,2.0661640043218235,-2.158391892347707,-0.0626779378771458,0.15653931143095526,2.003486066444678,-2.0018525809167516
9-Aug,bus_8,bus_9,inf,0.0626779279025786,-0.1565393214050334,1.9404611990937453,-1.8448029564802564,2.0031391269963237,-2.0013422778852896
