component,cost
CostPerTimepoint_USD,14867630.812155757
CostPerPeriod_USD,39467459.49108529
TotalCost_USD,54335090.30324105
