component,cost
CostPerTimepoint_USD,14867321.1841234
CostPerPeriod_USD,3.3695869081273864e-8
TotalCost_USD,14867321.184123434
