,"('inf_src1', 'v1c_d')","('inf_src1', 'v1c_q')","('inf_src2', 'v1c_d')","('inf_src2', 'v1c_q')","('inf_src1', 'v2_d')","('inf_src1', 'v2_q')","('inf_src2', 'v2_d')","('inf_src2', 'v2_q')"
"('inf_src1', 'i2c_d')",753.9822368615503,0.0,0.0,0.0,-660.5826151640122,363.4829047504455,0.0,0.0
"('inf_src1', 'i2c_q')",0.0,753.9822368615503,0.0,0.0,-363.4829047504455,-660.5826151640122,0.0,0.0
"('inf_src2', 'i2c_d')",0.0,0.0,1884.9555921538758,0.0,0.0,0.0,-1697.7212419691218,-819.0239123242931
"('inf_src2', 'i2c_q')",0.0,0.0,0.0,1884.9555921538758,0.0,0.0,819.0239123242931,-1697.7212419691218
