name,from_bus,to_bus,rating_MVA,r_pu,x_pu,g_pu,b_pu,angle_min_deg,angle_max_deg,transformer
1,1,2,400,0.00281,0.0281,0,0.00712,-360,360,FALSE
2,1,4,0,0.00304,0.0304,0,0.00658,-360,360,FALSE
3,1,5,0,0.00064,0.0064,0,0.03126,-360,360,FALSE
4,2,3,0,0.00108,0.0108,0,0.01852,-360,360,FALSE
5,3,4,0,0.00297,0.0297,0,0.00674,-360,360,FALSE
6,4,5,240,0.00297,0.0297,0,0.00674,-360,360,FALSE