name,from_bus,to_bus,cap_existing_power_MW,expand_capacity,r_pu,x_pu,g_pu,b_pu,angle_min_deg,angle_max_deg
1,1,2,400,FALSE,0.00281,0.0281,0,0.00712,-360,360
2,1,4,0,FALSE,0.00304,0.0304,0,0.00658,-360,360
3,1,5,0,FALSE,0.00064,0.0064,0,0.03126,-360,360
4,2,3,0,FALSE,0.00108,0.0108,0,0.01852,-360,360
5,3,4,0,FALSE,0.00297,0.0297,0,0.00674,-360,360
6,4,5,240,FALSE,0.00297,0.0297,0,0.00674,-360,360