bus,timepoint,generator_dispatch_MW,load_shedding_MW,load_MW,net_line_leaving_flow_MW
bus_1,hour_0,1.9414725249577875,-9.974940964416559e-9,0.0,1.9414725156026251
bus_2,hour_0,6.0971996083888484,-9.974940964517869e-9,0.0,6.097199598045161
bus_3,hour_0,4.594306490237173,-9.974940964479782e-9,0.0,4.594306480442469
bus_4,hour_0,0.0,-9.974940964075155e-9,0.0,-1.0514528667393737e-8
bus_5,hour_0,0.0,-9.97494096395158e-9,0.0,-9.927422637291626e-9
bus_6,hour_0,0.0,-9.974940963849484e-9,0.0,-1.0537243681552883e-8
bus_7,hour_0,0.0,-9.974940964246457e-9,0.0,-8.861030211969752e-9
bus_8,hour_0,0.0,-9.974940964190937e-9,0.0,-9.245134096801649e-9
bus_9,hour_0,0.0,-9.974940964420086e-9,0.0,-9.752707747714278e-9
