id,bus,timepoint,voltage_magnitude_pu,voltage_angle_deg
0,bus_1,hour_0,0.9988291820586717,0.0
1,bus_2,hour_0,0.9983892922171144,0.05980336971227264
2,bus_3,hour_0,0.9984807085029319,0.07002411391536859
3,bus_4,hour_0,1.000884034747103,-0.16078457988768097
4,bus_5,hour_0,1.001572560565626,-0.20980585327632525
5,bus_6,hour_0,1.0016608660543298,-0.21969694719576857
6,bus_7,hour_0,1.0005306083860779,-0.11011049014395324
7,bus_8,hour_0,1.0011066442972194,-0.1508310682182755
8,bus_9,hour_0,1.0003673746834414,-0.09089132037593474
