id,bus,timepoint,voltage_magnitude_pu,voltage_angle_deg
0,bus_1,hour_0,0.9983284116264929,0.0
1,bus_2,hour_0,0.9987978407671607,0.3875566763351218
2,bus_3,hour_0,0.9978361580187263,0.3029018346724691
3,bus_4,hour_0,1.0004759572212292,-0.08403226389400284
4,bus_5,hour_0,1.0012728770982904,-0.07847071309221933
5,bus_6,hour_0,1.0012242569281857,-0.09447933046962179
6,bus_7,hour_0,1.0006101057801646,0.15063469247823535
7,bus_8,hour_0,1.0009972971048415,0.09438121624223095
8,bus_9,hour_0,0.9999428791584566,0.12669557928389763
