line,from_bus,to_bus,existing_capacity_MW,active_power_from_bus_MW,reactive_power_from_bus_MVAR,active_power_to_bus_MW,reactive_power_to_bus_MVAR,active_power_loss_MW,reactive_power_loss_MVAR
4-Jan,bus_1,bus_4,inf,1.9414725156027581,-4.1397045188007215,-1.7397333161108768,3.951336759169249,0.20173919949188135,-0.18836775963147234
7-Feb,bus_2,bus_7,inf,6.097199598045205,-3.9418173991339622,-5.892232538445795,3.7737186815104375,0.20496705959940975,-0.16809871762352468
9-Mar,bus_3,bus_9,inf,4.594306480442691,-4.445844036326263,-4.390823951792752,4.269295600972218,0.2034825286499391,-0.17654843535404474
5-Apr,bus_4,bus_5,inf,0.6922079993229461,-2.1280404400759116,1.3114279512597844,0.12546868399369768,2.0036359505827304,-2.002571756082214
6-Apr,bus_4,bus_6,inf,1.047525306273091,-1.8232963282363326,0.9559920688926529,-0.1794822736117692,2.003517375165744,-2.0027786018481017
7-May,bus_5,bus_7,inf,-1.3114279611874962,-0.12546869323237278,3.3171505398766947,-1.8684650806437666,2.0057225786891983,-1.9939337738761393
9-Jun,bus_6,bus_9,inf,-0.9559920794297186,0.17948226398084294,2.9603635253898215,-2.1727462498945527,2.004371445960103,-1.9932639859137098
8-Jul,bus_7,bus_8,inf,2.57508198970796,-1.9052536098680748,-0.5715861416625696,-0.09606735030701902,2.0034958480453904,-2.001320960175094
9-Aug,bus_8,bus_9,inf,0.57158613241748,0.09606734043680612,1.4304604166498898,-2.096549360862168,2.00204654906737,-2.000482020425362
