bus,timepoint,active_load_shedding_MW,reactive_load_shedding_MVAR
bus_1,hour_0,-9.974940941825873e-9,-9.974940927079208e-9
bus_2,hour_0,-9.974940942623748e-9,-9.974940930252176e-9
bus_3,hour_0,-9.974940942956298e-9,-9.974940932425282e-9
bus_4,hour_0,-9.974940941418135e-9,-9.974940926060439e-9
bus_5,hour_0,-9.97494094131847e-9,-9.974940925652963e-9
bus_6,hour_0,-9.9749409413167e-9,-9.974940926193999e-9
bus_7,hour_0,-9.97494094215432e-9,-9.97494092874953e-9
bus_8,hour_0,-9.974940942153668e-9,-9.974940928948877e-9
bus_9,hour_0,-9.974940942531676e-9,-9.974940931131638e-9
