bus,timepoint,active_load_shedding_MW,reactive_load_shedding_MVAR
bus_1,hour_0,-9.974940964416559e-9,-9.974940964387763e-9
bus_2,hour_0,-9.974940964517869e-9,-9.974940964386966e-9
bus_3,hour_0,-9.974940964479782e-9,-9.974940964390671e-9
bus_4,hour_0,-9.974940964075155e-9,-9.974940962455658e-9
bus_5,hour_0,-9.97494096395158e-9,-9.974940961513691e-9
bus_6,hour_0,-9.974940963849484e-9,-9.97494096136064e-9
bus_7,hour_0,-9.974940964246457e-9,-9.97494096273052e-9
bus_8,hour_0,-9.974940964190937e-9,-9.97494096229906e-9
bus_9,hour_0,-9.974940964420086e-9,-9.974940964040728e-9
