bus,timepoint,generator_dispatch_MVAR,load_shedding_MVAR,load_MVAR,net_line_leaving_flow_MVAR
bus_1,hour_0,-4.139704509398806,-9.974940964387763e-9,0.0,-4.139704518800012
bus_2,hour_0,-3.941817390198041,-9.974940964386966e-9,0.0,-3.9418173991336074
bus_3,hour_0,-4.4458440300507585,-9.974940964390671e-9,0.0,-4.445844036326617
bus_4,hour_0,0.0,-9.974940962455658e-9,0.0,-9.142284119323291e-9
bus_5,hour_0,0.0,-9.974940961513691e-9,0.0,-9.239030802787108e-9
bus_6,hour_0,0.0,-9.97494096136064e-9,0.0,-9.630570525659067e-9
bus_7,hour_0,0.0,-9.97494096273052e-9,0.0,-9.000603735475462e-9
bus_8,hour_0,0.0,-9.97494096229906e-9,0.0,-9.870212907435532e-9
bus_9,hour_0,0.0,-9.974940964040728e-9,0.0,-9.784325093343047e-9
