bus,timepoint,generator_dispatch_MVAR,load_shedding_MVAR,load_MVAR,net_line_leaving_flow_MVAR
bus_1,hour_0,-4.372982805268045,-9.974940927079208e-9,0.0,-4.3729828152355195
bus_2,hour_0,-4.167462883342912,-9.974940930252176e-9,0.0,-4.167462893317343
bus_3,hour_0,-4.010676160583148,-9.974940932425282e-9,0.0,-4.01067617055332
bus_4,hour_0,0.0,-9.974940926060439e-9,0.0,-9.97399380247503e-9
bus_5,hour_0,0.0,-9.974940925652963e-9,0.0,-9.973738488033567e-9
bus_6,hour_0,0.0,-9.974940926193999e-9,0.0,-9.974350944979554e-9
bus_7,hour_0,0.0,-9.97494092874953e-9,0.0,-9.973137792758347e-9
bus_8,hour_0,0.0,-9.974940928948877e-9,0.0,-9.974433825019477e-9
bus_9,hour_0,0.0,-9.974940931131638e-9,0.0,-9.97399851709563e-9
