component,cost
CostPerTimepoint_USD,14672722.67899538
CostPerPeriod_USD,41232692.524287164
TotalCost_USD,55905415.20328254
