component,cost
CostPerTimepoint_USD,14672048.001161791
CostPerPeriod_USD,-3.778598313408654e-8
TotalCost_USD,14672048.001161752
