from_bus,to_bus,calculated_capacity_MW
1,3,66.66666666666666
1,4,66.66666666666666
3,4,66.66666666666666
