Index,1,3,4
1,-0.6666666666666667,0.3333333333333333,0.3333333333333333
3,0.3333333333333333,-0.6666666666666667,0.3333333333333333
4,0.3333333333333333,0.3333333333333333,-0.6666666666666667
