generator,scenario,timepoint,dispatch_MW
1,sc1,1,39.99999999985205
2,sc1,1,169.99999999978056
3,sc1,1,323.4948461724549
4,sc1,1,6.462088500633561e-8
5,sc1,1,466.5051537632915
