name,from_bus,to_bus,scenario,timepoint,from_bus_angle_deg,to_bus_angle_deg,DCflow_MW,losses_MW
1,1,2,sc1,1,-0.8388843033736139,-4.899557383011357,249.7167650427276,175.22728030896752
4,2,3,sc1,1,-4.899557383011357,-4.585296033018405,-50.28323495727225,2.7306760151897054
2,1,4,sc1,1,-0.8388843033736139,-4.124883595329433,186.7883886882213,106.06530253217578
5,3,4,sc1,1,-4.585296033018405,-4.124883595329433,-26.788388688221456,2.1313247724783566
3,1,5,sc1,1,-0.8388843033736139,0.0,-226.5051537309489,32.83493418667572
6,4,5,sc1,1,-4.124883595329433,0.0,-240.00000000000003,171.07200000000003
