name,from_bus,to_bus,scenario,timepoint,from_bus_angle_deg,to_bus_angle_deg,DCflow_MW,losses_MW
1,1,2,sc1,1,0.0,-4.06067307963774,249.71676504272745,175.22728030896732
4,2,3,sc1,1,-4.06067307963774,-3.746411729644787,-50.283234957272626,2.7306760151897467
2,1,4,sc1,1,0.0,-3.2859992919558185,186.78838868822126,106.06530253217576
5,3,4,sc1,1,-3.746411729644787,-3.2859992919558185,-26.788388688221225,2.13132477247832
3,1,5,sc1,1,0.0,0.8388843033736133,-226.50515373094876,32.834934186675675
6,4,5,sc1,1,-3.2859992919558185,0.8388843033736133,-239.99999999999991,171.07199999999986
