name,from_bus,to_bus,scenario,timepoint,from_bus_angle_deg,to_bus_angle_deg,DCflow_MW,losses_MW
1,1,2,sc1,1,0.0,-4.060673079637743,249.71676504272764,175.2272803089676
4,2,3,sc1,1,-4.060673079637743,-3.7464117296447923,-50.28323495727225,2.7306760151897054
2,1,4,sc1,1,0.0,-3.28599929195582,186.7883886882213,106.06530253217578
5,3,4,sc1,1,-3.7464117296447923,-3.28599929195582,-26.788388688221502,2.131324772478364
3,1,5,sc1,1,0.0,0.8388843033736146,-226.5051537309491,32.83493418667577
6,4,5,sc1,1,-3.28599929195582,0.8388843033736146,-240.00000000000006,171.0720000000001
