name,from_bus,to_bus,scenario,timepoint,from_bus_angle_deg,to_bus_angle_deg,DCflow_MW,losses_MW
1,1,2,sc1,1,0.0,-5.164571891479249,317.6025649634057,283.44860385244954
4,2,3,sc1,1,-5.164571891479249,-5.2745848179236035,17.60256496340583,0.3346383167541963
2,1,4,sc1,1,0.0,-3.686548717786246,209.5571038318956,133.49910648989209
5,3,4,sc1,1,-5.2745848179236035,-3.686548717786246,-92.39743503659449,25.355739423984847
3,1,5,sc1,1,0.0,1.1746322917296108,-317.1596687953012,64.37776352662088
6,4,5,sc1,1,-3.686548717786246,1.1746322917296108,-282.84033120469877,237.59599927927155
