name,from_bus,to_bus,scenario,timepoint,from_bus_angle_deg,to_bus_angle_deg,DCflow_MW,losses_MW
1,1,2,sc1,1,0.0,-3.219461688364354,197.98529510508294,110.14687758874945
4,2,3,sc1,1,-3.219461688364354,-2.8943789566417095,-52.01470489491715,2.9219718873297436
2,1,4,sc1,1,0.0,-2.000401444404439,113.71023829633845,39.307255611966625
5,3,4,sc1,1,-2.8943789566417095,-2.000401444404439,-52.01470489491704,8.03542269015676
3,1,5,sc1,1,0.0,0.37663949490082993,-101.69553340142136,6.6188681688317486
6,4,5,sc1,1,-2.000401444404439,0.37663949490082993,-138.3044665985786,56.81053267891852
