name,from_bus,to_bus,scenario,timepoint,from_bus_angle_deg,to_bus_angle_deg,DCflow_MW,losses_MW
1,1,2,sc1,1,0.0,-4.060673079637745,249.71676504272773,175.22728030896775
4,2,3,sc1,1,-4.060673079637745,-3.7464117296447936,-50.28323495727225,2.7306760151897054
2,1,4,sc1,1,0.0,-3.28599929195582,186.78838868822132,106.06530253217583
5,3,4,sc1,1,-3.7464117296447936,-3.28599929195582,-26.78838868822157,2.131324772478375
3,1,5,sc1,1,0.0,0.838884303373614,-226.50515373094896,32.83493418667573
6,4,5,sc1,1,-3.28599929195582,0.838884303373614,-240.00000000000006,171.0720000000001
