name,from_bus,to_bus,scenario,timepoint,from_bus_angle_deg,to_bus_angle_deg,DCflow_MW,losses_MW
1,1,2,sc1,1,0.0,-4.060673080268667,249.71676508152714,175.22728036341914
4,2,3,sc1,1,-4.060673080268667,-3.746411730518205,-50.283234918472836,2.730676010975632
2,1,4,sc1,1,0.0,-3.285999291835888,186.78838868140392,106.06530252443348
5,3,4,sc1,1,-3.746411730518205,-3.285999291835888,-26.788388746017745,2.1313247816750773
3,1,5,sc1,1,0.0,0.8388843034934241,-226.50515376329858,32.83493419605474
6,4,5,sc1,1,-3.285999291835888,0.8388843034934241,-239.99999999999295,171.07199999998994
