bus,scenario,timepoint,generator_dispatch_MW,storage_dispatch_MW,load_shedding_MW,load_MW,net_line_leaving_flow_MW
1,sc1,1,210.0,0.0,0,0.0,209.99999999999991
2,sc1,1,0.0,0.0,0,300.0,-300.0
3,sc1,1,323.49484626905166,0.0,0,300.0,23.494846269051756
4,sc1,1,0.0,0.0,0,400.0,-400.0000000000003
5,sc1,1,466.5051537309485,0.0,0,0.0,466.50515373094856
