bus,scenario,timepoint,generator_dispatch_MW,storage_dispatch_MW,load_shedding_MW,load_MW,net_line_leaving_flow_MW
1,sc1,1,209.99999999963262,0.0,0.0,0.0,209.99999999963254
2,sc1,1,0.0,0.0,0.0,300.0,-300.0
3,sc1,1,323.4948461724549,0.0,0.0,300.0,23.494846172455087
4,sc1,1,6.462088500633561e-8,0.0,0.0,400.0,-399.99999993537915
5,sc1,1,466.5051537632915,0.0,0.0,0.0,466.5051537632916
