generator,scenario,timepoint,Dispatch_MW
1,sc1,1,40.0
2,sc1,1,170.0
3,sc1,1,323.4948462690507
4,sc1,1,0.0
5,sc1,1,466.5051537309489
