generator,built_capacity_MW
1,40.0
2,170.0
3,323.49484626905104
4,-0.0
5,466.50515373094913
