generator,built_capacity_MW
1,40.0
2,170.0
3,323.4948462690518
4,-0.0
5,466.5051537309484
