component,cost
cost_per_timepoint_USD,17479.89692538102
cost_per_period_USD,17479896.925381023
total_cost_USD,17497376.822306406
