name,from_bus,to_bus,scenario,timepoint,from_bus_angle_deg,to_bus_angle_deg,DCflow_MW,losses_MW
1,1,2,sc1,1,0.0,-4.060673079637741,249.71676504272747,175.22728030896738
4,2,3,sc1,1,-4.060673079637741,-3.746411729644789,-50.28323495727237,2.7306760151897187
2,1,4,sc1,1,0.0,-3.285999291955821,186.78838868822137,106.06530253217589
5,3,4,sc1,1,-3.746411729644789,-3.285999291955821,-26.788388688221247,2.1313247724783233
3,1,5,sc1,1,0.0,0.8388843033736137,-226.50515373094885,32.834934186675696
6,4,5,sc1,1,-3.285999291955821,0.8388843033736137,-240.00000000000006,171.0720000000001
