bus,scenario,timepoint,generator_dispatch_MW,storage_dispatch_MW,load_shedding_MW,load_MW,net_line_leaving_flow_MW
1,sc1,1,210.0,0.0,0.0,0.0,209.99999999999997
2,sc1,1,0.0,0.0,0.0,300.0,-299.99999999999983
3,sc1,1,323.49484626905104,0.0,0.0,300.0,23.494846269051113
4,sc1,1,0.0,0.0,0.0,400.0,-400.00000000000017
5,sc1,1,466.50515373094913,0.0,0.0,0.0,466.50515373094896
