bus,scenario,timepoint,generator_dispatch_MW,storage_dispatch_MW,load_shedding_MW,load_MW,net_line_leaving_flow_MW
1,sc1,1,210.0,0.0,0,0.0,209.9999999999999
2,sc1,1,0.0,0.0,0,300.0,-300.00000000000006
3,sc1,1,323.4948462690518,0.0,0,300.0,23.494846269051827
4,sc1,1,0.0,0.0,0,400.0,-399.99999999999983
5,sc1,1,466.50515373094834,0.0,0,0.0,466.50515373094817
