id,bus,timepoint,voltage_magnitude_pu,voltage_angle_deg
0,lima,t_1,1.0,0.0
1,santiago,t_1,1.0055519203547585,-0.008289994138703887
2,chile,t_1,1.006903252818072,-0.18873734636906564
