bus,timepoint,generator_dispatch_MVAR,load_shedding_MVAR,load_MVAR,net_line_leaving_flow_MVAR
lima,t_1,-26.587117434055838,-9.974940964327399e-9,0.0,-26.58711744403086
santiago,t_1,50.0,-9.974940960835525e-9,0.0,49.99999999002511
chile,t_1,0.0,-9.974940963596793e-9,0.0,-9.97480783284008e-9
