name,from_bus,to_bus,scenario,timepoint,from_bus_angle_deg,to_bus_angle_deg,DCflow_MW,losses_MW
Y_kron_01,1,3,sc1,1,0.0,-0.5158915819297096,31.72547369012901,2.8282809632252217
Y_kron_12,3,4,sc1,1,-0.5158915819297096,-1.901636686613136,221.7254736901291,53.095160537761096
Y_kron_03,1,5,sc1,1,0.0,1.1623702677231633,-121.72547369012912,24.447959602694365
Y_kron_23,4,5,sc1,1,-1.901636686613136,1.1623702677231633,-178.27452630987085,94.39196599109624
