component,cost
cost_per_timepoint_USD,3926416.9910138557
cost_per_period_USD,251081.53078202996
total_cost_USD,4177498.5217958856
