line,built_capacity_MW
1,0.0
2,10.108153078202996
3,0.0
4,0.0
5,0.0
6,4.891846921797005
