name,component,type,init
i_bus_D,gfli_a_1,"",0.7770939247188596
i_bus_Q,gfli_a_1,"",-0.35599516201453346
i_bus_D,inf_src_1,"",-0.6818344482998117
i_bus_Q,inf_src_1,"",0.5027308874817545
v_bus_D,pa_rc_1,"",1.0
v_bus_Q,pa_rc_1,"",0.0
v_bus_D,pa_rc_2,"",1.0945311886003284
v_bus_Q,pa_rc_2,"",0.14200624747412605
i_br_D,se_rl_1,"",-0.731834448399713
i_br_Q,se_rl_1,"",0.4360642205816562
