name,from_bus,to_bus,cap_existing_power_MW,cost_fixed_power_USDperkW,expand_capacity,r_pu,x_pu,g_pu,b_pu,angle_min_deg,angle_max_deg,efficiency
1,1,2,10,10,TRUE,0.00281,0.0281,0,0.00712,-360,360,0.98
2,1,4,10,20,TRUE,0.00304,0.0304,0,0.00658,-360,360,0.98
3,1,5,20,20,TRUE,0.00064,0.0064,0,0.03126,-360,360,0.98
4,2,3,20,20,TRUE,0.00108,0.0108,0,0.01852,-360,360,0.98
5,3,4,20,20,TRUE,0.00297,0.0297,0,0.00674,-360,360,0.98
6,4,5,20,10,TRUE,0.00297,0.0297,0,0.00674,-360,360,0.98