bus,timepoint,active_load_shedding_MW,reactive_load_shedding_MVAR
lima,t_1,-9.97494096631705e-9,-9.974940964406027e-9
santiago,t_1,-9.974940966510371e-9,-9.974940967337148e-9
