,from_bus,to_bus,r,l,from_bus_vmag,to_bus_vmag,from_bus_vphase,to_bus_vphase,p,plosses,q,qlosses
se_rl_1,1,2,0.01,0.2,1.0,1.1037048052538914,0.0,7.392353488655026,-4.801786663782298,0.3079725390434546,2.7821032942484223,6.159450780869093
